label,keyword,source
Window Cleaning,window cleaning,yp
Gutters & Downspouts Cleaning,gutter cleaning,yp
Roof Cleaning,roof cleaning,yp
Building Cleaning-Exterior,exterior building cleaning,yp
Power Washing,power washing,yp
Water Pressure Cleaning,pressure washing,yp
Deck Cleaning & Treatment,deck cleaning,yp
Concrete Restoration Sealing & Cleaning,concrete cleaning,yp
Graffiti Removal & Protection,graffiti removal,yp
Pressure Washing Equipment & Services,pressure washing services,yp
Car Wash,car wash,google
Mobile Car Wash,mobile car wash,google
Truck Wash,truck washing,google
Fleet Washing,fleet washing,google
Driveway Cleaning,driveway cleaning,google
Patio Cleaning,patio cleaning,google
Fence Cleaning,fence cleaning,google
Siding Cleaning,siding cleaning,google
Awning Cleaning,awning cleaning,google
Solar Panel Cleaning,solar panel cleaning,google
Commercial Pressure Washing,commercial pressure washing,google
Residential Pressure Washing,residential pressure washing,google
Parking Lot Cleaning,parking lot cleaning,google
House Washing,house washing,google
Soft Washing,soft washing,google
