label,keyword,source
Awning Cleaning,awning cleaning,google
Commercial Pressure Washing,commercial pressure washing,google
Driveway Cleaning,driveway cleaning,google
Fence Cleaning,fence cleaning,google
Fleet Washing,fleet washing,google
House Washing,house washing,google
Parking Lot Cleaning,parking lot cleaning,google
Patio Cleaning,patio cleaning,google
Residential Pressure Washing,residential pressure washing,google
Siding Cleaning,siding cleaning,google
Soft Washing,soft washing,google
Solar Panel Cleaning,solar panel cleaning,google
Building Cleaning-Exterior,exterior building cleaning,yp
Concrete Restoration Sealing & Cleaning,concrete cleaning,yp
Deck Cleaning & Treatment,deck cleaning,yp
Graffiti Removal & Protection,graffiti removal,yp
Gutters & Downspouts Cleaning,gutter cleaning,yp
Power Washing,power washing,yp
Roof Cleaning,roof cleaning,yp
Water Pressure Cleaning,pressure washing,yp
Window Cleaning,window cleaning,yp
